City_ID,City,Country,Date,Lat,Lng,Max Temp,Humidity,Cloudiness,Wind Speed
0,Upernavik,GL,2021-12-20 20:41:54,72.7868,-56.1549,29.39,68,100,6.69
1,Hilo,US,2021-12-20 20:41:54,19.7297,-155.09,74.25,43,90,5.75
2,Cidreira,BR,2021-12-20 20:41:54,-30.1811,-50.2056,75.99,72,57,7.85
3,Esperance,AU,2021-12-20 20:38:15,-33.8667,121.9,57.04,81,3,5.84
4,Hobart,AU,2021-12-20 20:40:18,-42.8794,147.3294,62.02,51,75,16.11
5,Nikolskoye,RU,2021-12-20 20:41:55,59.7035,30.7861,7.81,95,100,6.93
6,Puerto Ayora,EC,2021-12-20 20:41:55,-0.7393,-90.3518,80.56,87,93,5.99
7,Butaritari,KI,2021-12-20 20:41:56,3.0707,172.7902,82.17,68,100,13.73
8,Jaciara,BR,2021-12-20 20:41:56,-15.9653,-54.9683,75.99,92,100,3.09
9,Port Alfred,ZA,2021-12-20 20:41:56,-33.5906,26.891,69.8,89,47,19.91
10,Georgetown,MY,2021-12-20 20:41:57,5.4112,100.3354,78.89,88,20,3.0
11,San Vicente,AR,2021-12-20 20:41:57,-26.6167,-54.1333,74.05,73,91,2.82
12,Dikson,RU,2021-12-20 20:41:57,73.5069,80.5464,-20.06,95,100,12.12
13,Gigmoto,PH,2021-12-20 20:41:58,13.7796,124.39,78.98,88,100,9.6
14,Bud,US,2021-12-20 20:41:58,39.447,-86.1758,45.12,61,0,7.63
15,Rawson,AR,2021-12-20 20:40:49,-43.3002,-65.1023,77.23,40,0,28.03
16,Krasnoselkup,RU,2021-12-20 20:41:58,65.7,82.4667,-32.53,95,35,5.66
17,Albany,US,2021-12-20 20:41:07,42.6001,-73.9662,34.66,62,43,1.99
18,Oktyabrskoye,RU,2021-12-20 20:41:59,43.0645,44.7417,26.74,100,13,6.71
19,Nanortalik,GL,2021-12-20 20:41:59,60.1432,-45.2371,41.99,77,37,32.95
20,Kodiak,US,2021-12-20 20:41:59,57.79,-152.4072,33.31,80,1,6.91
21,Pangnirtung,CA,2021-12-20 20:40:12,66.1451,-65.7125,6.8,78,90,13.8
22,Lasa,IT,2021-12-20 20:42:00,46.6166,10.7002,31.08,44,7,4.16
23,Arraial Do Cabo,BR,2021-12-20 20:42:00,-22.9661,-42.0278,78.76,73,20,18.41
24,Gladstone,AU,2021-12-20 20:42:00,-23.85,151.25,72.79,88,40,6.91
25,Kruisfontein,ZA,2021-12-20 20:42:01,-34.0033,24.7314,67.89,80,94,10.47
26,Qaanaaq,GL,2021-12-20 20:42:01,77.484,-69.3632,24.82,63,100,11.65
27,Hermanus,ZA,2021-12-20 20:42:02,-34.4187,19.2345,68.81,84,99,15.37
28,Saskylakh,RU,2021-12-20 20:42:02,71.9167,114.0833,-7.19,96,99,8.32
29,Ushuaia,AR,2021-12-20 20:39:28,-54.8,-68.3,51.42,62,75,39.12
30,Busselton,AU,2021-12-20 20:42:02,-33.65,115.3333,60.08,90,92,11.88
31,Padang,ID,2021-12-20 20:42:03,-0.9492,100.3543,76.23,84,57,3.47
32,Hualmay,PE,2021-12-20 20:42:03,-11.0964,-77.6139,72.3,71,7,10.83
33,Darnah,LY,2021-12-20 20:42:03,32.767,22.6367,57.76,75,48,14.45
34,Lagoa,PT,2021-12-20 20:42:04,39.05,-27.9833,60.98,79,63,26.44
35,Katobu,ID,2021-12-20 20:42:04,-4.9408,122.5276,76.21,93,100,1.92
36,Kapaa,US,2021-12-20 20:42:05,22.0752,-159.319,79.12,72,20,1.99
37,Vaini,TO,2021-12-20 20:42:05,-21.2,-175.2,84.36,79,40,9.22
38,Mahanoro,MG,2021-12-20 20:38:21,-19.9,48.8,75.18,93,100,2.15
39,San Patricio,US,2021-12-20 20:42:05,28.017,-97.5169,64.81,47,0,6.22
40,Mahebourg,MU,2021-12-20 20:42:06,-20.4081,57.7,77.29,88,75,3.44
41,Gulf Gate Estates,US,2021-12-20 20:42:06,27.2517,-82.5147,78.98,56,98,8.99
42,Jamestown,US,2021-12-20 20:40:49,42.097,-79.2353,39.29,55,1,7.0
43,Rikitea,PF,2021-12-20 20:42:06,-23.1203,-134.9692,76.1,78,100,18.75
44,Barrow,US,2021-12-20 20:41:09,71.2906,-156.7887,15.82,73,90,35.68
45,Faya,SA,2021-12-20 20:42:07,18.3851,42.4509,57.31,85,78,4.36
46,Conceicao Do Araguaia,BR,2021-12-20 20:42:07,-8.2578,-49.2647,79.3,89,98,3.74
47,Flin Flon,CA,2021-12-20 20:43:08,54.7682,-101.865,-5.96,65,20,9.22
48,Punta Arenas,CL,2021-12-20 20:42:22,-53.15,-70.9167,57.31,51,20,35.68
49,Kaitangata,NZ,2021-12-20 20:43:08,-46.2817,169.8464,58.93,71,60,13.8
50,Nezhinka,RU,2021-12-20 20:43:09,51.7676,55.3694,28.56,93,90,11.18
51,Linhares,BR,2021-12-20 20:43:09,-19.3911,-40.0722,72.84,83,42,7.07
52,Ponta Do Sol,PT,2021-12-20 20:43:09,32.6667,-17.1,71.01,94,91,17.85
53,Bambous Virieux,MU,2021-12-20 20:43:10,-20.3428,57.7575,77.25,88,75,3.44
54,Atuona,PF,2021-12-20 20:43:10,-9.8,-139.0333,77.83,72,1,11.61
55,Burns Lake,CA,2021-12-20 20:42:15,54.2331,-125.7533,-2.78,78,55,2.3
56,New Norfolk,AU,2021-12-20 20:43:10,-42.7826,147.0587,62.65,47,91,8.01
57,Marataizes,BR,2021-12-20 20:43:11,-21.0433,-40.8244,74.23,78,11,6.78
58,Sorland,NO,2021-12-20 20:43:11,67.667,12.6934,33.87,62,100,13.24
59,Lavrentiya,RU,2021-12-20 20:43:11,65.5833,-171.0,-6.63,83,10,9.91
60,Richards Bay,ZA,2021-12-20 20:43:12,-28.783,32.0377,71.02,80,97,6.78
61,Muravlenko,RU,2021-12-20 20:43:12,63.7898,74.523,-14.98,87,100,15.75
62,Huarmey,PE,2021-12-20 20:43:12,-10.0681,-78.1522,72.95,72,13,11.14
63,Kieta,PG,2021-12-20 20:43:13,-6.2167,155.6333,81.39,80,100,3.06
64,Boyuibe,BO,2021-12-20 20:43:13,-20.4167,-63.2833,78.71,96,100,2.37
65,Mataura,NZ,2021-12-20 20:43:13,-46.1927,168.8643,56.48,98,100,8.77
66,Meulaboh,ID,2021-12-20 20:43:14,4.1363,96.1285,75.33,92,100,1.61
67,Fairbanks,US,2021-12-20 20:39:02,64.8378,-147.7164,32.31,92,90,6.91
68,Ilulissat,GL,2021-12-20 20:43:14,69.2167,-51.1,46.42,42,75,20.71
69,Tymovskoye,RU,2021-12-20 20:43:15,50.8456,142.655,-7.01,98,54,1.7
70,Talnakh,RU,2021-12-20 20:43:15,69.4865,88.3972,-31.11,93,58,3.74
71,Santa Cruz Del Sur,CU,2021-12-20 20:43:16,20.7147,-77.9956,82.6,57,19,5.75
72,Avarua,CK,2021-12-20 20:43:16,-21.2078,-159.775,82.45,74,40,6.91
73,Saryg-Sep,RU,2021-12-20 20:43:17,51.5,95.6,14.76,96,100,0.87
74,Bandarbeyla,SO,2021-12-20 20:43:18,9.4942,50.8122,77.2,75,71,16.24
75,Antofagasta,CL,2021-12-20 20:42:21,-23.65,-70.4,67.28,77,99,6.58
76,Cape Town,ZA,2021-12-20 20:43:19,-33.9258,18.4232,77.41,71,0,3.0
77,Kavieng,PG,2021-12-20 20:43:19,-2.5744,150.7967,81.46,79,100,11.5
78,Xingcheng,CN,2021-12-20 20:43:19,40.6167,120.7167,30.85,53,0,12.06
79,Severo-Kurilsk,RU,2021-12-20 20:43:20,50.6789,156.125,22.44,69,100,4.79
80,Cabo San Lucas,MX,2021-12-20 20:39:15,22.8909,-109.9124,79.52,46,75,3.0
81,Athabasca,CA,2021-12-20 20:43:20,54.7169,-113.2854,5.41,86,87,4.88
82,Coquimbo,CL,2021-12-20 20:43:20,-29.9533,-71.3436,64.13,77,75,10.36
83,Baisha,CN,2021-12-20 20:43:21,26.5222,110.9311,50.92,79,91,1.83
84,Tiksi,RU,2021-12-20 20:43:21,71.6872,128.8694,-14.4,98,93,7.7
85,Saint George,US,2021-12-20 20:38:32,37.1041,-113.5841,57.67,42,1,0.0
86,Nelson Bay,AU,2021-12-20 20:43:21,-32.7167,152.15,76.08,92,0,1.01
87,San-Pedro,CI,2021-12-20 20:43:22,4.7485,-6.6363,80.47,82,46,6.91
88,Katsuura,JP,2021-12-20 20:43:22,35.1333,140.3,41.11,71,0,6.82
89,Naryan-Mar,RU,2021-12-20 20:43:22,67.6713,53.087,-0.98,85,100,13.67
90,San Cristobal,VE,2021-12-20 20:43:23,7.7669,-72.225,78.98,68,92,1.23
91,Torbay,CA,2021-12-20 20:43:23,47.6666,-52.7314,24.67,75,75,12.66
92,Te Anau,NZ,2021-12-20 20:44:23,-45.4167,167.7167,54.75,92,100,9.98
93,Hithadhoo,MV,2021-12-20 20:44:24,-0.6,73.0833,82.31,73,100,4.27
94,Mehamn,NO,2021-12-20 20:44:24,71.0357,27.8492,28.58,80,75,5.75
95,Ilam,NP,2021-12-20 20:44:24,26.9167,87.9167,48.18,62,0,6.31
96,Godo,JP,2021-12-20 20:44:25,35.4167,136.6,42.82,99,53,2.46
97,Belle Fourche,US,2021-12-20 20:44:25,44.6714,-103.8522,29.05,64,38,9.48
98,Chuy,UY,2021-12-20 20:44:25,-33.6971,-53.4616,74.64,66,57,11.48
99,Bahia Blanca,AR,2021-12-20 20:44:26,-38.7196,-62.2724,81.19,41,100,15.28
100,Mount Isa,AU,2021-12-20 20:44:26,-20.7333,139.5,80.37,61,42,2.3
101,Boa Vista,BR,2021-12-20 20:44:26,2.8197,-60.6733,89.58,48,75,5.75
102,Northam,GB,2021-12-20 20:44:27,51.0333,-4.2167,47.01,85,98,15.03
103,Castro,BR,2021-12-20 20:44:27,-24.7911,-50.0119,76.19,49,2,2.62
104,Broome,US,2021-12-20 20:44:27,42.2506,-75.833,37.62,60,1,1.01
105,Aksu,CN,2021-12-20 20:44:28,41.1231,80.2644,24.35,54,100,0.34
106,Thompson,CA,2021-12-20 20:44:28,55.7435,-97.8558,-12.84,70,90,10.36
107,Cayenne,GF,2021-12-20 20:44:28,4.9333,-52.3333,86.04,78,0,4.0
108,Caravelas,BR,2021-12-20 20:44:29,-17.7125,-39.2481,74.48,91,12,3.96
109,Flinders,AU,2021-12-20 20:44:29,-34.5833,150.8552,73.06,69,1,3.06
110,Plettenberg Bay,ZA,2021-12-20 20:44:30,-34.0527,23.3716,66.38,93,73,6.98
111,Kavaratti,IN,2021-12-20 20:44:30,10.5669,72.642,79.99,68,82,4.54
112,Vila Velha,BR,2021-12-20 20:44:30,-20.3297,-40.2925,75.15,83,75,2.3
113,Gaogou,CN,2021-12-20 20:44:30,34.0175,119.1886,40.57,52,0,6.31
114,Waiuku,NZ,2021-12-20 20:44:31,-37.25,174.75,71.26,73,100,6.78
115,Tasiilaq,GL,2021-12-20 20:44:31,65.6145,-37.6368,39.36,69,93,9.17
116,Raga,SS,2021-12-20 20:44:31,8.4596,25.678,74.73,25,71,4.09
117,Sao Joao Da Barra,BR,2021-12-20 20:44:32,-21.6403,-41.0511,77.09,76,12,9.82
118,Nome,US,2021-12-20 20:44:32,64.5011,-165.4064,28.47,74,90,3.44
119,Sosnogorsk,RU,2021-12-20 20:44:32,63.6023,53.8817,-3.95,89,100,7.99
120,Bethel,US,2021-12-20 20:44:33,41.3712,-73.414,36.72,45,12,1.01
121,Kitami,JP,2021-12-20 20:44:33,43.8031,143.8908,26.11,78,100,6.08
122,Iqaluit,CA,2021-12-20 20:44:33,63.7506,-68.5145,-2.47,78,75,8.05
123,Saint-Philippe,RE,2021-12-20 20:44:34,-21.3585,55.7679,77.49,85,93,9.42
124,Kota Kinabalu,MY,2021-12-20 20:44:34,5.9749,116.0724,75.18,94,20,3.44
125,Ballina,AU,2021-12-20 20:44:35,-28.8667,153.5667,77.18,86,16,10.36
126,Longyearbyen,SJ,2021-12-20 20:44:35,78.2186,15.6401,19.24,79,75,10.36
127,Janauba,BR,2021-12-20 20:44:35,-15.8025,-43.3089,73.96,89,23,6.76
128,Fort Nelson,CA,2021-12-20 20:44:36,58.8053,-122.7002,7.88,86,100,0.54
129,West Bay,KY,2021-12-20 20:43:30,19.3667,-81.4167,86.07,71,20,1.99
130,Khatanga,RU,2021-12-20 20:44:36,71.9667,102.5,-15.16,97,98,11.12
131,Sao Filipe,CV,2021-12-20 20:44:37,14.8961,-24.4956,74.61,78,100,9.44
132,Sabinas Hidalgo,MX,2021-12-20 20:44:37,26.5,-100.1667,68.58,37,0,5.66
133,Jingdezhen,CN,2021-12-20 20:44:37,29.2947,117.2079,47.53,72,74,1.59
134,Pacific Grove,US,2021-12-20 20:44:41,36.6177,-121.9166,58.42,63,100,5.01
135,Carutapera,BR,2021-12-20 20:45:38,-1.195,-46.02,80.89,76,100,7.83
136,Honiara,SB,2021-12-20 20:40:45,-9.4333,159.95,81.9,81,95,1.48
137,Port Elizabeth,ZA,2021-12-20 20:44:06,-33.918,25.5701,70.11,94,20,13.8
138,Seal Beach,US,2021-12-20 20:45:38,33.7414,-118.1048,70.84,52,75,1.01
139,Nabire,ID,2021-12-20 20:45:38,-3.3667,135.4833,74.32,92,100,3.89
140,College,US,2021-12-20 20:41:24,64.8569,-147.8028,37.06,93,90,6.91
141,Cherskiy,RU,2021-12-20 20:45:39,68.75,161.3,-14.46,97,100,23.4
142,Kalmunai,LK,2021-12-20 20:45:39,7.4167,81.8167,76.93,81,9,5.41
143,Pijijiapan,MX,2021-12-20 20:45:40,15.7011,-93.23,89.74,52,16,8.81
144,East London,ZA,2021-12-20 20:45:04,-33.0153,27.9116,70.86,86,62,16.04
145,Haines Junction,CA,2021-12-20 20:44:18,60.7522,-137.5108,-7.65,77,100,2.3
146,Mogok,MM,2021-12-20 20:45:40,22.9167,96.5,51.42,81,0,2.19
147,Kanye,BW,2021-12-20 20:45:40,-24.9667,25.3327,64.89,62,78,10.38
148,Veshenskaya,RU,2021-12-20 20:45:41,49.6303,41.7334,26.6,89,84,5.35
149,Bredasdorp,ZA,2021-12-20 20:45:41,-34.5322,20.0403,68.29,88,87,12.66
150,Sunrise Manor,US,2021-12-20 20:45:41,36.2111,-115.0731,58.24,30,1,0.0
151,Harper,LR,2021-12-20 20:45:42,4.375,-7.7169,80.76,80,39,10.54
152,Isla Mujeres,MX,2021-12-20 20:45:42,21.2311,-86.731,84.16,69,39,9.28
153,Millport,GB,2021-12-20 20:45:42,55.7535,-4.9256,40.51,88,62,5.08
154,Zhigalovo,RU,2021-12-20 20:45:43,54.8097,105.1578,-36.18,100,49,2.08
155,Lompoc,US,2021-12-20 20:45:43,34.6391,-120.4579,61.57,69,75,3.0
156,Igurubi,TZ,2021-12-20 20:45:43,-4.0,33.7,71.82,77,100,3.49
157,Tchibanga,GA,2021-12-20 20:45:44,-2.85,11.0333,73.53,98,100,1.03
158,Phalombe,MW,2021-12-20 20:45:44,-15.8064,35.6507,68.14,91,51,2.86
159,Cockburn Town,TC,2021-12-20 20:45:44,21.4612,-71.1419,79.74,74,2,14.67
160,Bluff,NZ,2021-12-20 20:45:45,-46.6,168.3333,56.8,76,60,35.46
161,Bull Savanna,JM,2021-12-20 20:40:51,17.8868,-77.5902,79.21,64,1,9.15
162,Les Cayes,HT,2021-12-20 20:45:45,18.2,-73.75,82.11,60,1,8.08
163,Roma,US,2021-12-20 20:45:45,43.2128,-75.4557,37.26,77,40,6.91
164,Ribeira Grande,PT,2021-12-20 20:45:46,38.5167,-28.7,59.4,88,75,20.71
165,Teahupoo,PF,2021-12-20 20:45:46,-17.8333,-149.2667,80.56,71,58,7.14
166,Canutama,BR,2021-12-20 20:45:46,-6.5339,-64.3831,81.23,92,97,1.25
167,Guerrero Negro,MX,2021-12-20 20:45:47,27.9769,-114.0611,71.49,28,44,4.32
168,Atar,MR,2021-12-20 20:45:47,20.5169,-13.0499,72.48,32,100,19.64
169,Rabo De Peixe,PT,2021-12-20 20:45:48,37.8,-25.5833,58.51,97,40,17.27
170,Urumqi,CN,2021-12-20 20:42:02,43.801,87.6005,13.15,79,100,2.24
171,Hanzhong,CN,2021-12-20 20:45:48,33.0728,107.0303,40.24,71,0,1.77
172,Port Hedland,AU,2021-12-20 20:45:48,-20.3167,118.5667,80.65,89,42,1.14
173,Kouango,CF,2021-12-20 20:45:49,4.9934,19.9619,81.12,37,87,0.72
174,Okhotsk,RU,2021-12-20 20:45:49,59.3833,143.3,-1.08,96,100,1.99
175,Progreso,MX,2021-12-20 20:45:17,21.2833,-89.6667,87.91,80,59,15.43
176,Chicama,PE,2021-12-20 20:45:49,-7.8447,-79.1469,66.74,63,86,10.31
177,Gillette,US,2021-12-20 20:45:50,44.2911,-105.5022,24.06,87,90,18.99
178,Altay,CN,2021-12-20 20:45:50,47.8667,88.1167,17.91,84,78,5.88
179,Karratha,AU,2021-12-20 20:40:52,-20.7377,116.8463,85.14,56,22,7.61
180,Tuktoyaktuk,CA,2021-12-20 20:45:51,69.4541,-133.0374,-0.4,85,90,19.57
181,Havelock,US,2021-12-20 20:43:54,34.8791,-76.9013,49.98,72,1,5.99
182,Villa Union,MX,2021-12-20 20:45:51,23.2,-106.2333,79.92,56,28,8.41
183,Paamiut,GL,2021-12-20 20:46:52,61.994,-49.6678,45.1,45,97,22.55
184,Lebu,CL,2021-12-20 20:46:06,-37.6167,-73.65,60.1,74,2,20.58
185,Airai,TL,2021-12-20 20:46:39,-8.9266,125.4092,61.23,94,100,0.83
186,Clyde River,CA,2021-12-20 20:46:52,70.4692,-68.5914,16.03,92,90,0.0
187,Namibe,AO,2021-12-20 20:46:52,-15.1961,12.1522,69.98,71,2,6.91
188,Jennings,US,2021-12-20 20:46:53,38.7192,-90.2604,50.92,55,20,1.99
189,Wloszczowa,PL,2021-12-20 20:46:53,50.8526,19.9659,30.2,69,75,9.19
190,Baykit,RU,2021-12-20 20:46:53,61.67,96.37,-28.23,99,20,0.85
191,Saquarema,BR,2021-12-20 20:46:54,-22.92,-42.5103,78.94,78,32,12.91
192,Provideniya,RU,2021-12-20 20:46:54,64.3833,-173.3,8.71,78,0,6.71
193,Avera,US,2021-12-20 20:46:54,33.194,-82.5271,47.08,38,100,9.66
194,Los Llanos De Aridane,ES,2021-12-20 20:46:55,28.6585,-17.9182,64.15,91,20,1.01
195,Salalah,OM,2021-12-20 20:46:55,17.0151,54.0924,77.09,69,75,5.75
196,Vao,NC,2021-12-20 20:46:55,-22.6667,167.4833,76.46,87,78,9.64
197,Litovko,RU,2021-12-20 20:46:56,49.2361,135.1742,2.28,97,100,5.21
198,Seye,MX,2021-12-20 20:46:56,20.8333,-89.3667,87.78,57,71,3.18
199,Belaya Gora,RU,2021-12-20 20:46:56,68.5333,146.4167,-7.55,98,100,8.86
200,Ulladulla,AU,2021-12-20 20:46:57,-35.35,150.4667,72.88,54,19,3.56
201,Mount Gambier,AU,2021-12-20 20:46:57,-37.8333,140.7667,57.11,94,90,8.05
202,Husavik,IS,2021-12-20 20:46:57,66.0449,-17.3389,30.11,90,60,2.13
203,Worland,US,2021-12-20 20:46:58,44.0169,-107.9554,29.55,69,20,1.99
204,Kharian,PK,2021-12-20 20:44:33,32.8149,73.8636,49.24,25,18,1.61
205,Hervey Bay,AU,2021-12-20 20:46:58,-25.2986,152.8535,83.03,68,65,4.14
206,Santa Cruz De Tenerife,ES,2021-12-20 20:44:25,28.4682,-16.2546,73.0,80,75,1.01
207,Vanimo,PG,2021-12-20 20:46:59,-2.6741,141.3028,77.59,92,100,8.81
208,Parfenyevo,RU,2021-12-20 20:46:59,58.484,43.4088,7.72,93,100,9.06
209,Deputatskiy,RU,2021-12-20 20:47:00,69.3,139.9,-18.8,91,100,5.88
210,Tabou,CI,2021-12-20 20:47:00,4.423,-7.3528,80.82,80,40,9.6
211,Olutanga,PH,2021-12-20 20:47:01,7.3106,122.8464,80.67,77,100,4.76
212,Victoria,HK,2021-12-20 20:46:04,22.2855,114.1577,63.25,93,100,5.99
213,Kasempa,ZM,2021-12-20 20:47:01,-13.4584,25.8338,64.78,97,100,5.39
214,Dunedin,NZ,2021-12-20 20:47:01,-45.8742,170.5036,65.05,52,0,11.12
215,Kamenka,RU,2021-12-20 20:47:02,51.3223,42.7678,25.75,96,64,7.58
216,Yar-Sale,RU,2021-12-20 20:47:02,66.8333,70.8333,-20.87,99,100,11.27
217,Klaksvik,FO,2021-12-20 20:47:03,62.2266,-6.589,40.12,78,99,6.93
218,Kilindoni,TZ,2021-12-20 20:47:03,-7.9139,39.6668,81.88,81,85,10.42
219,Lata,PT,2021-12-20 20:47:04,40.1629,-8.3327,56.91,94,100,7.83
220,Vostok,RU,2021-12-20 20:44:55,46.4856,135.8833,11.1,97,100,2.64
221,Sexsmith,CA,2021-12-20 20:47:04,55.35,-118.786,-4.65,77,40,2.3
222,Shingu,JP,2021-12-20 20:47:04,33.7333,135.9833,39.9,79,65,5.99
223,Norman Wells,CA,2021-12-20 20:42:18,65.282,-126.8329,-3.96,77,90,8.05
224,Lerik,AZ,2021-12-20 20:47:05,38.7726,48.4128,33.44,61,73,9.33
225,High Level,CA,2021-12-20 20:47:05,58.5169,-117.136,-2.09,84,75,0.0
226,Kumluca,TR,2021-12-20 20:47:06,36.3703,30.2869,49.68,54,19,6.38
227,Beringovskiy,RU,2021-12-20 20:47:06,63.05,179.3167,-11.02,94,50,5.12
228,Bafata,GW,2021-12-20 20:47:06,12.1667,-14.75,81.14,17,98,5.99
229,Berbera,SO,2021-12-20 20:47:06,10.4396,45.0143,77.14,75,6,5.7
230,Pozo Colorado,PY,2021-12-20 20:47:07,-23.4923,-58.7972,102.58,19,25,9.22
231,Dzilam Gonzalez,MX,2021-12-20 20:47:07,21.2833,-88.9333,84.88,55,65,3.09
232,Nabinagar,BD,2021-12-20 20:48:08,23.8917,90.9733,68.07,66,0,3.85
233,Codrington,AU,2021-12-20 20:48:04,-38.2667,141.9667,62.33,64,100,12.66
234,Pevek,RU,2021-12-20 20:48:08,69.7008,170.3133,-13.05,93,100,20.29
235,Fortuna,US,2021-12-20 20:48:09,40.5982,-124.1573,58.86,67,20,3.0
236,Jurm,AF,2021-12-20 20:48:09,36.8648,70.8342,31.44,71,15,5.66
237,Salvador,SV,2021-12-20 20:48:09,13.8333,-88.9167,84.24,43,75,2.01
238,Bahile,PH,2021-12-20 20:46:13,9.9995,118.7878,75.24,91,27,1.74
239,Berlevag,NO,2021-12-20 20:46:01,70.8578,29.0864,24.8,80,75,6.91
240,Maniitsoq,GL,2021-12-20 20:44:56,65.4167,-52.9,40.95,57,71,20.74
241,Saldanha,ZA,2021-12-20 20:48:10,-33.0117,17.9442,66.25,78,100,3.74
242,Ekhabi,RU,2021-12-20 20:48:10,53.5102,142.9671,-1.52,88,98,4.36
243,Kidal,ML,2021-12-20 20:48:11,18.4411,1.4078,68.2,20,20,12.88
244,Touros,BR,2021-12-20 20:48:11,-5.1989,-35.4608,85.1,73,93,13.76
245,Aras,ES,2021-12-20 20:48:11,42.5617,-2.356,38.32,100,90,3.44
246,Derzhavinsk,KZ,2021-12-20 20:48:12,51.1,66.3167,18.03,93,89,8.99
247,Talcahuano,CL,2021-12-20 20:45:15,-36.7167,-73.1167,73.08,56,0,17.27
248,Manosque,FR,2021-12-20 20:48:12,43.8288,5.7869,30.51,71,4,3.76
249,Hasaki,JP,2021-12-20 20:47:42,35.7333,140.8333,36.0,61,10,10.0
250,The Valley,AI,2021-12-20 20:48:13,18.217,-63.0578,84.06,65,20,12.66
251,Dauriya,RU,2021-12-20 20:48:13,49.9333,116.8667,-15.77,86,3,2.44
252,Matay,EG,2021-12-20 20:48:13,28.419,30.7792,48.74,55,0,7.07
253,Emerald,AU,2021-12-20 20:48:14,-23.5333,148.1667,75.34,83,0,4.61
254,Muros,ES,2021-12-20 20:48:14,42.7762,-9.0603,58.86,83,100,9.33
255,Ahipara,NZ,2021-12-20 20:48:14,-35.1667,173.1667,68.65,66,100,3.29
256,Leningradskiy,RU,2021-12-20 20:48:15,69.3833,178.4167,-15.03,72,100,12.39
257,Havoysund,NO,2021-12-20 20:48:15,70.9963,24.6622,28.63,82,96,7.92
258,Bima,ID,2021-12-20 20:48:15,-8.4667,118.7167,77.81,93,100,1.03
259,Sudbury,CA,2021-12-20 20:45:04,46.49,-80.99,34.66,91,100,13.65
260,Banda Aceh,ID,2021-12-20 20:48:16,5.5577,95.3222,74.8,93,100,6.17
261,Port-Cartier,CA,2021-12-20 20:45:16,50.0334,-66.8654,15.75,83,100,0.2
262,Hamilton,US,2021-12-20 20:48:16,39.1834,-84.5333,45.99,58,1,3.0
263,Vardo,NO,2021-12-20 20:48:16,70.3705,31.1107,28.38,69,75,14.97
264,Tuban,ID,2021-12-20 20:48:17,-6.8976,112.0649,76.51,93,100,8.59
265,Ampanihy,MG,2021-12-20 20:48:17,-24.7,44.75,67.23,80,100,15.17
266,Tondano,ID,2021-12-20 20:48:17,1.3038,124.9112,69.89,94,100,2.98
267,Pierre,US,2021-12-20 20:48:18,44.3683,-100.351,25.86,48,1,8.05
268,Karasuk,RU,2021-12-20 20:48:18,53.7377,78.0403,18.39,97,90,5.84
269,Monroe,US,2021-12-20 20:45:51,43.1501,-77.6831,38.46,71,75,11.5
270,Manaure,CO,2021-12-20 20:48:18,11.7751,-72.4445,84.31,55,86,15.66
271,Ukiah,US,2021-12-20 20:48:19,39.1502,-123.2078,52.99,86,90,9.22
272,Luderitz,NA,2021-12-20 20:46:56,-26.6481,15.1594,60.42,87,0,2.93
273,Snyder,US,2021-12-20 20:49:19,32.7179,-100.9176,62.74,27,0,7.54
274,Ixtapa,MX,2021-12-20 20:49:19,20.7,-105.2,87.91,35,99,5.82
275,Eureka,US,2021-12-20 20:49:20,40.8021,-124.1637,59.13,64,100,7.0
276,Kaitong,CN,2021-12-20 20:49:20,44.8135,123.15,1.8,75,0,10.18
277,Chokurdakh,RU,2021-12-20 20:49:20,70.6333,147.9167,-5.13,96,100,13.71
278,Sorong,ID,2021-12-20 20:49:21,-0.8833,131.25,79.25,84,89,3.09
279,Naze,JP,2021-12-20 20:49:21,28.3667,129.4833,59.04,59,100,5.82
280,Sinnamary,GF,2021-12-20 20:49:21,5.3833,-52.95,80.6,81,100,7.52
281,Amapa,BR,2021-12-20 20:49:21,1.0,-52.0,78.28,86,100,1.95
282,Cheremukhovo,RU,2021-12-20 20:49:22,60.3484,59.9851,-5.24,98,100,6.53
283,Bairiki,KI,2021-12-20 20:49:22,1.3292,172.9752,82.4,78,75,8.05
284,Tarata,BO,2021-12-20 20:49:23,-17.6167,-66.0167,62.02,84,100,2.53
285,Erenhot,CN,2021-12-20 20:49:23,43.6475,111.9767,16.47,77,24,5.23
286,Yellowknife,CA,2021-12-20 20:49:02,62.456,-114.3525,-27.58,73,20,0.0
287,Mar Del Plata,AR,2021-12-20 20:46:29,-38.0023,-57.5575,68.02,83,75,8.99
288,Pingliang,CN,2021-12-20 20:49:24,35.5392,106.6861,35.6,31,0,5.7
289,Edirne,TR,2021-12-20 20:49:24,41.6772,26.556,33.8,68,2,7.07
290,Tambongon,PH,2021-12-20 20:49:24,10.9677,123.9244,77.97,87,82,6.46
291,Monterrey,MX,2021-12-20 20:48:41,25.6667,-100.3167,77.05,38,0,4.05
292,Itapeva,BR,2021-12-20 20:49:25,-23.9822,-48.8756,77.02,48,1,9.57
293,Portland,US,2021-12-20 20:45:42,45.5234,-122.6762,46.62,94,90,1.99
294,Buta,CD,2021-12-20 20:49:25,2.7858,24.73,76.8,48,100,2.55
295,Sovetskiy,RU,2021-12-20 20:49:26,61.3614,63.5842,0.54,96,100,6.11
296,Rudiskes,LT,2021-12-20 20:49:26,54.5167,24.8333,18.41,64,98,10.58
297,Sitka,US,2021-12-20 20:45:31,57.0531,-135.33,33.69,64,90,0.0
298,Mujiayingzi,CN,2021-12-20 20:49:27,42.1167,118.7833,20.43,58,1,2.44
299,Sarangani,PH,2021-12-20 20:49:27,5.4033,125.4636,78.67,80,100,20.51
300,Mesquite,US,2021-12-20 20:49:27,32.7668,-96.5992,56.28,60,75,1.01
301,Banepa,NP,2021-12-20 20:49:28,27.6298,85.5214,39.52,93,20,3.44
302,Alta Floresta,BR,2021-12-20 20:49:28,-9.8756,-56.0861,80.42,83,75,2.3
303,Fare,PF,2021-12-20 20:49:28,-16.7,-151.0167,80.56,72,13,9.28
304,Bengkulu,ID,2021-12-20 20:49:18,-3.8004,102.2655,77.31,89,100,1.5
305,Bilibino,RU,2021-12-20 20:49:29,68.0546,166.4372,-20.63,98,100,9.78
306,Jhabua,IN,2021-12-20 20:49:29,22.7667,74.6,59.72,27,4,4.27
307,Constantine,DZ,2021-12-20 20:49:30,36.365,6.6147,42.21,93,0,2.3
308,Gimli,CA,2021-12-20 20:49:30,50.6336,-96.9907,4.42,50,10,6.91
309,Faanui,PF,2021-12-20 20:49:30,-16.4833,-151.75,80.44,74,2,9.51
310,Asau,RO,2021-12-20 20:48:00,46.4333,26.4,31.39,87,71,6.24
311,Barcelos,PT,2021-12-20 20:49:31,41.5388,-8.6151,55.92,89,100,7.52
312,Najran,SA,2021-12-20 20:49:31,17.4924,44.1277,61.45,28,2,1.59
313,Argelia,CO,2021-12-20 20:49:31,2.2556,-77.2488,69.3,96,100,2.64
314,Kampot,KH,2021-12-20 20:49:32,10.6167,104.1833,71.65,79,66,3.13
315,Point Pleasant,US,2021-12-20 20:47:01,40.0832,-74.0682,40.21,56,1,1.99
316,Sterling,US,2021-12-20 20:49:32,39.0062,-77.4286,43.32,47,1,6.91
317,Simbahan,PH,2021-12-20 20:49:32,6.3032,120.5836,82.83,76,100,16.11
318,Boras,SE,2021-12-20 20:50:33,57.721,12.9401,27.55,86,19,3.0
319,Ruwi,OM,2021-12-20 20:50:33,23.5996,58.5507,71.85,61,60,2.04
320,Maralal,KE,2021-12-20 20:50:33,1.0968,36.698,60.13,89,100,9.71
321,Valparaiso,CL,2021-12-20 20:50:34,-33.0393,-71.6273,68.23,67,0,11.5
322,Buraydah,SA,2021-12-20 20:50:34,26.326,43.975,72.05,50,7,7.45
323,Myitkyina,MM,2021-12-20 20:50:35,25.3833,97.4,54.66,78,0,3.13
324,Ushumun,RU,2021-12-20 20:50:35,52.7833,126.5333,-16.73,73,15,11.27
325,Souillac,MU,2021-12-20 20:50:35,-20.5167,57.5167,77.38,88,75,3.44
326,Honavar,IN,2021-12-20 20:50:35,14.2833,74.45,68.97,57,6,6.69
327,Port Hardy,CA,2021-12-20 20:50:36,50.6996,-127.4199,37.76,86,75,4.61
328,Lykhivka,UA,2021-12-20 20:50:36,48.6874,33.9228,29.35,94,29,4.85
329,Camacupa,AO,2021-12-20 20:47:49,-12.0167,17.4833,63.9,96,99,3.76
330,Sobolevo,RU,2021-12-20 20:50:36,54.4299,31.8996,7.79,85,100,12.5
331,Tuatapere,NZ,2021-12-20 20:50:37,-46.1333,167.6833,58.82,85,96,16.08
332,Pisco,PE,2021-12-20 20:47:50,-13.7,-76.2167,70.02,78,20,8.05
333,Awbari,LY,2021-12-20 20:50:37,26.5921,12.7805,49.3,41,0,6.17
334,Japura,ID,2021-12-20 20:50:38,-0.3167,102.35,73.33,97,100,1.14
335,Tarko-Sale,RU,2021-12-20 20:50:38,64.9225,77.785,-25.89,86,44,11.63
336,Tiarei,PF,2021-12-20 20:50:38,-17.5333,-149.3333,86.02,71,33,8.86
337,Zhigansk,RU,2021-12-20 20:50:39,66.7697,123.3711,-52.85,100,60,1.79
338,Dingle,PH,2021-12-20 20:50:39,10.9995,122.6711,74.16,94,100,6.53
339,Alexandria,EG,2021-12-20 20:46:59,31.2156,29.9553,52.34,76,40,11.5
340,Minsk,BY,2021-12-20 20:46:22,53.9,27.5667,15.55,76,93,13.49
341,Usinsk,RU,2021-12-20 20:50:40,65.9939,57.5281,-2.4,95,100,11.05
342,Lermontovka,RU,2021-12-20 20:50:40,47.1453,134.3383,12.38,97,100,2.73
343,Huntington,US,2021-12-20 20:50:40,38.4193,-82.4452,48.99,52,1,0.0
344,Troitsko-Pechorsk,RU,2021-12-20 20:50:41,62.7084,56.1964,-5.35,96,100,9.57
345,Keti Bandar,PK,2021-12-20 20:47:23,24.1447,67.4497,70.68,73,3,9.64
346,Lorengau,PG,2021-12-20 20:50:41,-2.0226,147.2712,80.17,83,99,3.53
347,Carnarvon,AU,2021-12-20 20:50:41,-24.8667,113.6333,73.47,78,4,12.66
348,Masuri,KR,2021-12-20 20:50:42,35.8488,128.1492,40.55,92,2,2.89
349,Constitucion,CL,2021-12-20 20:50:42,-35.3333,-72.4167,69.44,60,18,18.5
350,Pauini,BR,2021-12-20 20:50:42,-7.7136,-66.9764,82.69,76,88,2.33
351,Puerto Narino,CO,2021-12-20 20:50:43,-3.7703,-70.3831,89.55,92,87,0.49
352,Vakhrushevo,RU,2021-12-20 20:50:43,55.2317,61.7173,26.98,86,75,15.66
353,Samana,DO,2021-12-20 20:50:43,19.2056,-69.3369,86.22,74,20,6.91
354,Port-Gentil,GA,2021-12-20 20:50:44,-0.7193,8.7815,81.16,77,84,4.5
355,Kembe,CF,2021-12-20 20:50:44,4.6228,21.8865,77.25,40,86,2.13
356,Lahaina,US,2021-12-20 20:50:44,20.8783,-156.6825,78.04,81,64,12.53
357,Maningrida,AU,2021-12-20 20:50:45,-12.0667,134.2667,76.95,81,100,4.23
358,Cabedelo,BR,2021-12-20 20:50:45,-6.9811,-34.8339,84.87,75,29,10.58
359,Yantzaza,EC,2021-12-20 20:50:45,-3.8278,-78.7594,78.24,90,99,1.39
360,Cap Malheureux,MU,2021-12-20 20:50:46,-19.9842,57.6142,77.49,78,68,1.01
361,Axim,GH,2021-12-20 20:46:26,4.8699,-2.2405,80.04,77,72,8.9
362,Bambanglipuro,ID,2021-12-20 20:50:46,-7.95,110.2833,76.39,88,100,2.8
363,Umba,RU,2021-12-20 20:50:46,66.6871,34.3429,14.41,89,97,11.12
364,Matagami,CA,2021-12-20 20:50:47,49.7502,-77.6328,24.91,93,90,6.91
365,Belmonte,BR,2021-12-20 20:51:47,-15.8631,-38.8828,73.9,91,100,2.46
366,Jashpurnagar,IN,2021-12-20 20:51:47,22.9,84.15,44.55,44,0,4.99
367,Jaisinghnagar,IN,2021-12-20 20:51:48,23.7,81.3833,46.6,34,0,0.54
368,Togur,RU,2021-12-20 20:51:48,58.3631,82.8265,-11.92,93,97,5.39
369,Sao Francisco,BR,2021-12-20 20:51:48,-15.9486,-44.8644,75.36,91,57,3.78
370,Tyazhinskiy,RU,2021-12-20 20:51:49,56.116,88.524,0.16,98,99,2.8
371,Ponta Delgada,PT,2021-12-20 20:51:49,37.7333,-25.6667,59.72,77,40,17.27
372,Luganville,VU,2021-12-20 20:51:49,-15.5333,167.1667,83.03,74,6,3.87
373,Sal Rei,CV,2021-12-20 20:51:50,16.1833,-22.9167,72.16,78,100,13.22
374,Sabha,LY,2021-12-20 20:46:54,27.0377,14.4283,48.45,38,0,4.7
375,Rio Grande,BR,2021-12-20 20:51:50,-32.035,-52.0986,80.71,81,5,13.13
376,Joshimath,IN,2021-12-20 20:51:50,30.5667,79.5667,37.65,39,8,7.56
377,Bilma,NE,2021-12-20 20:51:51,18.6853,12.9164,61.36,24,0,6.15
378,Bathsheba,BB,2021-12-20 20:47:57,13.2167,-59.5167,84.81,65,75,18.41
379,Sokoni,TZ,2021-12-20 20:51:51,-6.4333,39.55,81.66,80,100,10.18
380,Ostrovnoy,RU,2021-12-20 20:51:51,68.0531,39.5131,22.32,88,100,22.5
381,Springbok,ZA,2021-12-20 20:51:52,-29.6643,17.8865,68.29,51,0,4.41
382,Lima,PE,2021-12-20 20:51:47,-12.0432,-77.0282,72.14,64,20,14.97
383,Mariestad,SE,2021-12-20 20:51:52,58.7097,13.8237,26.38,95,19,2.93
384,Monze,ZM,2021-12-20 20:51:52,-16.2833,27.4833,64.44,94,99,4.32
385,Sisimiut,GL,2021-12-20 20:51:53,66.9395,-53.6735,40.84,62,100,18.01
386,Ayr,GB,2021-12-20 20:51:53,55.4627,-4.6339,40.5,93,90,2.3
387,Genhe,CN,2021-12-20 20:51:53,50.7833,121.5167,-21.64,100,22,3.0
388,Seoul,KR,2021-12-20 20:47:45,37.5683,126.9778,45.01,96,20,1.14
389,Kirakira,SB,2021-12-20 20:51:54,-10.4544,161.9205,80.94,86,100,5.03
390,Noumea,NC,2021-12-20 20:51:54,-22.2763,166.4572,81.0,99,15,3.04
391,Makakilo City,US,2021-12-20 20:51:54,21.3469,-158.0858,79.12,59,1,8.05
392,Jiuquan,CN,2021-12-20 20:51:55,39.7432,98.5174,25.48,19,2,3.0
393,Auki,SB,2021-12-20 20:51:55,-8.7676,160.7034,81.68,83,96,4.09
394,Ternate,ID,2021-12-20 20:51:55,0.8,127.4,80.42,83,100,8.88
395,Gilbues,BR,2021-12-20 20:51:56,-9.8317,-45.3439,77.4,83,43,3.58
396,Bria,CF,2021-12-20 20:51:56,6.5423,21.9863,76.53,37,75,4.68
397,Copiapo,CL,2021-12-20 20:51:56,-27.3667,-70.3333,62.29,54,100,7.99
398,Great Yarmouth,GB,2021-12-20 20:51:57,52.6083,1.7305,40.55,62,100,5.37
399,Montepuez,MZ,2021-12-20 20:51:57,-13.1256,38.9997,70.5,92,80,4.34
400,Kologriv,RU,2021-12-20 20:51:57,58.8275,44.3178,7.05,93,100,8.77
401,Amnat Charoen,TH,2021-12-20 20:51:58,15.9167,104.75,60.31,91,11,7.58
402,Chambas,CU,2021-12-20 20:51:58,22.1928,-78.9136,79.92,68,36,8.68
403,New Amsterdam,GY,2021-12-20 20:51:58,6.25,-57.5167,79.93,78,68,4.97
404,Weligama,LK,2021-12-20 20:51:59,5.9667,80.4167,76.12,89,39,2.3
405,Marystown,CA,2021-12-20 20:51:59,47.1666,-55.1483,26.85,100,54,13.35
406,Alice Springs,AU,2021-12-20 20:48:19,-23.7,133.8833,65.75,52,40,0.0
407,Sudak,UA,2021-12-20 20:51:59,44.85,34.9667,36.73,73,100,14.67
408,Saint-Georges,GD,2021-12-20 20:52:00,12.0564,-61.7485,83.88,65,20,21.85
409,Xam Nua,LA,2021-12-20 20:52:00,20.4197,104.0439,50.09,98,1,1.45
410,Shelburne,CA,2021-12-20 20:52:00,44.0787,-80.2041,35.49,77,99,17.29
411,Teguldet,RU,2021-12-20 20:52:01,57.3064,88.1667,-9.27,95,98,6.13
412,Aklavik,CA,2021-12-20 20:53:01,68.2191,-135.0107,10.4,85,90,4.61
413,Grand Gaube,MU,2021-12-20 20:53:02,-20.0064,57.6608,77.4,78,71,1.01
414,Surt,LY,2021-12-20 20:53:02,31.2089,16.5887,56.35,53,0,9.69
415,Kloulklubed,PW,2021-12-20 20:53:02,7.0419,134.2556,81.1,76,49,17.67
416,Kota,IN,2021-12-20 20:53:03,25.1833,75.8333,56.26,27,0,1.77
417,Mitu,CO,2021-12-20 20:53:03,1.1983,-70.1733,80.04,93,88,2.21
418,Tura,IN,2021-12-20 20:53:03,25.5198,90.2201,56.08,68,1,4.25
419,Gizo,SB,2021-12-20 20:53:04,-8.103,156.8419,81.9,76,100,0.69
420,Kununurra,AU,2021-12-20 20:49:57,-15.7667,128.7333,76.98,88,96,0.0
421,Mendi,PG,2021-12-20 20:53:04,-6.1761,143.6513,54.36,86,93,2.28
422,Petropavlovsk-Kamchatskiy,RU,2021-12-20 20:53:04,53.0452,158.6483,3.79,78,0,11.18
423,Pochutla,MX,2021-12-20 20:53:05,15.7432,-96.4661,85.82,53,99,8.08
424,Alice Town,BS,2021-12-20 20:53:05,25.7167,-79.3,77.07,74,19,3.53
425,Qui Nhon,VN,2021-12-20 20:53:05,13.7667,109.2333,71.76,89,97,5.39
426,Qaqortoq,GL,2021-12-20 20:53:06,60.7167,-46.0333,30.6,76,84,8.97
427,Port Macquarie,AU,2021-12-20 20:53:06,-31.4333,152.9167,79.9,75,4,7.83
428,Edea,CM,2021-12-20 20:53:06,3.8,10.1333,80.38,88,66,0.98
429,Henties Bay,NA,2021-12-20 20:53:06,-22.116,14.2845,64.85,81,0,6.11
430,Rocha,UY,2021-12-20 20:53:07,-34.4833,-54.3333,75.72,61,0,12.41
431,Lebedinyy,RU,2021-12-20 20:53:07,58.5167,125.5167,-33.25,94,100,5.61
432,Mandurah,AU,2021-12-20 20:51:41,-32.55,115.7,65.21,75,80,11.18
433,Astoria,US,2021-12-20 20:53:08,46.1879,-123.8313,50.86,98,90,11.01
434,Phan Thiet,VN,2021-12-20 20:53:08,10.9333,108.1,72.7,78,34,4.43
435,Chapais,CA,2021-12-20 20:53:08,49.7834,-74.8492,15.58,92,100,12.03
436,Roald,NO,2021-12-20 20:53:08,62.5833,6.1333,36.0,93,75,8.05
437,Salym,RU,2021-12-20 20:53:09,60.0625,71.4789,4.17,95,100,8.08
438,Hambantota,LK,2021-12-20 20:53:09,6.1241,81.1185,75.7,87,60,10.07
439,Swan Hill,AU,2021-12-20 20:53:09,-35.3378,143.5544,64.99,50,0,7.52
440,Brigham City,US,2021-12-20 20:53:10,41.5102,-112.0155,40.93,60,1,0.0
441,Puerto Carreno,CO,2021-12-20 20:53:10,6.189,-67.4859,89.58,55,20,10.36
442,San Joaquin,US,2021-12-20 20:53:10,37.9333,-121.3011,53.06,78,90,0.0
443,Punta Alta,AR,2021-12-20 20:53:11,-38.8759,-62.0736,75.85,55,98,23.15
444,Oranjemund,NA,2021-12-20 20:53:11,-28.55,16.4333,62.65,90,0,1.72
445,Ancud,CL,2021-12-20 20:53:11,-41.8697,-73.8203,74.23,60,0,6.89
446,Bergen,NO,2021-12-20 20:53:11,60.392,5.328,32.65,93,0,3.44
447,Bahar,IR,2021-12-20 20:53:12,34.9072,48.4414,45.41,78,67,27.83
448,Tsaratanana,MG,2021-12-20 20:53:12,-16.7833,47.65,77.7,80,55,3.27
449,Hami,CN,2021-12-20 20:53:12,42.8,93.45,24.21,54,100,1.45
450,Yangmei,CN,2021-12-20 20:53:13,24.1023,112.5618,49.73,96,100,4.7
451,Kyshtovka,RU,2021-12-20 20:53:13,56.555,76.6271,2.64,98,88,5.14
452,Xining,CN,2021-12-20 20:53:13,36.6167,101.7667,21.06,28,0,2.57
453,Vuktyl,RU,2021-12-20 20:53:14,63.8567,57.3094,-4.9,78,100,8.86
454,Lakes Entrance,AU,2021-12-20 20:53:14,-37.8811,147.981,64.17,75,6,2.95
455,Tolaga Bay,NZ,2021-12-20 20:53:14,-38.3667,178.3,73.38,41,100,5.08
456,Nantucket,US,2021-12-20 20:49:25,41.2835,-70.0995,35.74,72,43,6.24
457,San Matias,BO,2021-12-20 20:53:15,-16.3667,-58.4,77.4,91,100,3.49
458,Almaznyy,RU,2021-12-20 20:54:15,48.0448,40.045,30.34,93,100,7.11
459,Pamanukan,ID,2021-12-20 20:54:15,-6.2842,107.8106,77.32,86,100,1.28
460,Sibu,MY,2021-12-20 20:54:16,2.3,111.8167,79.11,94,40,1.99
461,Pitanga,BR,2021-12-20 20:54:16,-24.7572,-51.7614,83.98,27,6,6.38
462,Ust-Kuyga,RU,2021-12-20 20:54:16,70.0167,135.6,-26.45,96,100,8.39
463,Fasa,IR,2021-12-20 20:54:17,28.9383,53.6482,51.04,54,0,0.0
464,Lewistown,US,2021-12-20 20:54:17,40.5992,-77.5714,41.18,77,1,3.44
465,Mata De Sao Joao,BR,2021-12-20 20:54:17,-12.5303,-38.2992,82.15,87,100,5.26
466,Tucumcari,US,2021-12-20 20:54:18,35.1717,-103.725,66.94,9,0,5.17
467,Garhi Khairo,PK,2021-12-20 20:54:18,28.0606,67.9803,59.83,15,28,3.47
468,Marrakesh,MA,2021-12-20 20:54:18,31.6315,-8.0083,66.27,42,40,4.61
469,Belyy Yar,RU,2021-12-20 20:54:18,53.6039,91.3903,21.85,79,98,2.24
470,Timra,SE,2021-12-20 20:54:19,62.487,17.3257,19.67,70,36,8.05
471,Calabar,NG,2021-12-20 20:54:19,4.9517,8.322,79.86,53,87,3.06
472,San Quintin,MX,2021-12-20 20:54:19,30.4833,-115.95,66.29,38,84,5.77
473,Jinchang,CN,2021-12-20 20:54:20,38.4953,102.1739,29.8,21,1,3.53
474,Holoby,UA,2021-12-20 20:54:20,51.0865,25.0077,23.05,78,90,13.33
475,Nenjiang,CN,2021-12-20 20:54:21,49.1833,125.2167,-2.94,88,98,12.66
476,Itarema,BR,2021-12-20 20:54:21,-2.9248,-39.9167,80.98,75,57,15.01
477,Merrill,US,2021-12-20 20:54:21,45.1805,-89.6835,30.38,66,40,10.36
478,San Felipe,VE,2021-12-20 20:54:21,10.3399,-68.7425,78.37,72,83,8.21
479,Tynda,RU,2021-12-20 20:54:22,55.1667,124.7167,-32.46,91,21,3.85
480,Kavarna,BG,2021-12-20 20:54:22,43.4333,28.3333,33.01,87,45,17.34
481,Tambura,SS,2021-12-20 20:54:22,5.6,27.4667,78.21,36,100,4.88
482,Gorontalo,ID,2021-12-20 20:54:23,0.5412,123.0595,75.36,94,100,3.33
483,Manokwari,ID,2021-12-20 20:54:23,-0.8667,134.0833,78.49,81,100,7.09
484,Yulara,AU,2021-12-20 20:54:23,-25.2406,130.9889,71.44,35,0,5.75
485,Laguna,US,2021-12-20 20:54:24,38.421,-121.4238,55.24,89,100,1.01
486,Beloha,MG,2021-12-20 20:54:24,-25.1667,45.05,67.57,79,100,16.35
487,Sabang,ID,2021-12-20 20:54:24,5.8933,95.3214,76.84,87,100,7.29
488,Priargunsk,RU,2021-12-20 20:54:25,50.3691,119.1012,-20.07,91,5,3.36
489,Srednekolymsk,RU,2021-12-20 20:54:25,67.45,153.6833,-19.52,97,100,20.38
490,Chabahar,IR,2021-12-20 20:54:25,25.2919,60.643,72.82,75,93,10.4
491,Camacha,PT,2021-12-20 20:54:26,33.0833,-16.3333,67.53,88,40,28.77
492,Point Pedro,LK,2021-12-20 20:54:26,9.8167,80.2333,77.86,73,39,11.41
493,Selishche,RU,2021-12-20 20:54:26,56.8879,33.2691,-5.76,96,79,7.74
494,Grand-Lahou,CI,2021-12-20 20:54:26,5.1367,-5.0242,80.42,83,21,6.46
495,Wagrowiec,PL,2021-12-20 20:54:27,52.8084,17.1996,32.32,84,23,9.62
496,Bayan,CN,2021-12-20 20:54:27,46.0833,127.4,1.02,79,36,15.68
497,Saint-Augustin,CA,2021-12-20 20:54:27,51.226,-58.6502,7.99,75,0,13.29
498,Wadi Maliz,TN,2021-12-20 20:54:28,36.4681,8.5495,53.08,89,0,4.03
499,Aksum,ET,2021-12-20 20:54:28,14.1245,38.7244,60.08,64,30,3.06
500,La Ronge,CA,2021-12-20 20:54:28,55.1001,-105.2842,1.65,66,75,5.75
501,Pimenta Bueno,BR,2021-12-20 20:54:29,-11.6725,-61.1936,77.32,95,96,2.84
502,Bastia,FR,2021-12-20 20:54:29,42.6667,9.3333,51.6,79,0,3.0
503,Paidha,UG,2021-12-20 20:54:29,2.4167,30.9855,64.58,85,100,2.17
504,Alofi,NU,2021-12-20 20:55:30,-19.0595,-169.9187,82.29,74,75,13.8
505,Awjilah,LY,2021-12-20 20:55:30,29.1081,21.2869,53.94,52,23,8.14
506,Homer,US,2021-12-20 20:55:30,59.6425,-151.5483,39.78,97,100,2.53
507,Ryotsu,JP,2021-12-20 20:55:31,38.0833,138.4333,51.64,74,64,24.81
508,Gogrial,SS,2021-12-20 20:55:31,8.5332,28.1004,75.99,29,66,4.7
509,Veraval,IN,2021-12-20 20:55:31,20.9,70.3667,69.06,30,1,6.35
510,Ustka,PL,2021-12-20 20:55:31,54.5805,16.8619,31.6,61,100,15.77
511,Singaparna,ID,2021-12-20 20:55:32,-7.3515,108.111,71.42,91,100,1.59
512,Kitgum,UG,2021-12-20 20:55:32,3.2783,32.8867,72.52,65,99,4.63
513,Lakatoro,VU,2021-12-20 20:55:32,-16.0999,167.4164,83.01,74,9,5.55
514,Rio Gallegos,AR,2021-12-20 20:51:34,-51.6226,-69.2181,60.85,33,75,46.04
515,Marzuq,YE,2021-12-20 20:55:33,14.4,46.4667,62.64,73,64,4.38
516,Verkhnyaya Inta,RU,2021-12-20 20:55:33,65.9811,60.3094,-5.69,79,100,19.53
517,Sosnovo-Ozerskoye,RU,2021-12-20 20:55:33,52.5249,111.5418,-23.58,98,27,1.86
518,Vysokogornyy,RU,2021-12-20 20:55:34,50.1167,139.15,-3.62,95,96,3.36
519,Saint Anthony,US,2021-12-20 20:55:34,45.0205,-93.218,21.74,59,59,4.0
520,Churapcha,RU,2021-12-20 20:55:34,62.0025,132.4325,-52.04,100,80,2.48
521,Puerto El Triunfo,SV,2021-12-20 20:55:35,13.2833,-88.55,85.15,65,67,9.4
522,Adrar,MR,2021-12-20 20:55:35,20.5022,-10.0711,71.85,28,100,6.38
523,Vicosa,BR,2021-12-20 20:55:35,-20.7539,-42.8819,68.34,91,63,5.3
524,Tyret Pervaya,RU,2021-12-20 20:55:36,53.6703,102.3106,-7.08,95,100,4.92
525,Calama,CL,2021-12-20 20:55:36,-22.4667,-68.9333,73.89,21,20,25.32
526,Ayan,RU,2021-12-20 20:55:36,56.45,138.1667,-21.8,75,9,12.15
527,Arrecife,ES,2021-12-20 20:55:37,28.963,-13.5477,69.87,82,20,1.14
528,Samarai,PG,2021-12-20 20:55:37,-10.6167,150.6667,81.59,73,98,2.62
529,Masvingo,ZW,2021-12-20 20:55:37,-20.0637,30.8277,63.86,89,100,5.37
530,Leshan,CN,2021-12-20 20:55:38,29.5623,103.7639,45.16,78,21,2.62
531,Gornopravdinsk,RU,2021-12-20 20:55:38,60.05,69.9,7.39,94,100,8.16
532,Onguday,RU,2021-12-20 20:55:38,50.75,86.15,11.1,98,100,2.68
533,Hirara,JP,2021-12-20 20:55:39,24.8,125.2833,68.9,65,100,11.14
534,Yala,TH,2021-12-20 20:55:39,6.3333,101.25,72.34,97,87,1.79
535,Asfi,MA,2021-12-20 20:55:39,32.2994,-9.2372,65.05,78,95,5.73
536,Bartlesville,US,2021-12-20 20:55:40,36.7473,-95.9808,54.1,47,31,4.0
537,Champerico,GT,2021-12-20 20:55:40,14.3,-91.9167,90.14,66,42,7.9
538,Shache,CN,2021-12-20 20:55:40,38.4167,77.2406,30.27,44,100,1.86
539,Wanning,CN,2021-12-20 20:55:41,18.8003,110.3967,65.16,89,85,7.78
540,Bhum,IN,2021-12-20 20:55:41,18.4667,75.6667,63.23,47,1,5.57
541,Baruun-Urt,MN,2021-12-20 20:55:41,46.6806,113.2792,-0.45,90,20,0.56
542,Dobson,US,2021-12-20 20:55:42,36.3957,-80.7226,43.41,55,1,0.0
543,Gisborne,NZ,2021-12-20 20:55:42,-38.6533,178.0042,72.95,48,78,8.75
544,Vagur,FO,2021-12-20 20:55:42,61.4732,-6.8119,43.88,77,100,6.64
545,Kotma,IN,2021-12-20 20:55:43,23.2,81.9667,44.76,34,0,3.27
546,Son La,VN,2021-12-20 20:55:43,21.3167,103.9,49.32,95,0,0.67
547,Sistranda,NO,2021-12-20 20:52:43,63.7256,8.834,37.36,89,100,14.92
548,Trofors,NO,2021-12-20 20:55:43,65.5333,13.4063,29.66,92,100,3.91
549,Kahului,US,2021-12-20 20:55:44,20.8947,-156.47,78.06,82,74,14.0
550,Taywarah,AF,2021-12-20 20:55:44,33.35,64.4167,30.88,82,6,1.88
551,Tomiya,JP,2021-12-20 20:55:44,38.3931,140.8861,42.19,92,91,5.91
552,Alugan,PH,2021-12-20 20:55:45,12.2188,125.4808,79.02,86,100,10.51
553,Christchurch,NZ,2021-12-20 20:55:45,-43.5333,172.6333,73.6,31,1,18.41
554,Harboore,DK,2021-12-20 20:56:45,56.6175,8.1807,25.36,59,83,5.66
555,Tyup,KG,2021-12-20 20:56:46,42.7276,78.3648,23.94,84,61,4.23
556,Evanston,US,2021-12-20 20:53:45,42.0411,-87.6901,43.65,62,94,1.99
557,Mokolo,CM,2021-12-20 20:56:46,10.7398,13.8019,64.99,29,0,6.02
558,Wajir,KE,2021-12-20 20:56:46,1.7471,40.0573,80.22,68,97,9.64
559,Dong Hoi,VN,2021-12-20 20:56:47,17.4833,106.6,63.01,82,67,6.58
560,Goderich,CA,2021-12-20 20:56:47,43.7501,-81.7165,37.9,65,99,18.41
